domain,subdomain
Algorithms and Data Structures,Algorithms
Algorithms and Data Structures,Data Structures
Mathematics,Number Theory
Mathematics,Algebra and Arithmetic
Mathematics,Geometry and Trigonometry
Mathematics,Combinatorics
Mathematics,Probability and Statistics
Mathematics,Mathematical Sequences and Series
Mathematics,Numerical Methods
Programming Concepts,Fundamentals
Programming Concepts,Programming Paradigms
Programming Concepts,Advanced Concepts
Systems Programming and File I/O,File Operations
Systems Programming and File I/O,System Programming
Networking and Web Development,Networking
Networking and Web Development,Web Development
Security and Cryptography,Cryptographic Techniques
Security and Cryptography,Security Practices
Text Processing,String Manipulation
Text Processing,Parsing and Tokenization
Text Processing,Regular Expressions
Text Processing,Pattern Matching
Text Processing,Text Encoding and Decoding
Text Processing,Unicode and Character Sets
Text Processing,Localization and Internationalization
Graphics and Visualization,Graphics Programming
Graphics and Visualization,Data Visualization
Concurrency and Parallelism,Multithreading and Thread Management
Concurrency and Parallelism,Synchronization Mechanisms
Concurrency and Parallelism,Parallel Computing
Concurrency and Parallelism,Concurrent Data Structures
Puzzles and Games,Logic and Mathematical Puzzles
Puzzles and Games,Game Development
Puzzles and Games,Puzzle Solving Algorithms
Puzzles and Games,Simulation and Modeling
Software Engineering,Design Patterns
Software Engineering,Testing and Debugging
Software Engineering,Development Practices
Databases and Data Management,Database Interaction
Databases and Data Management,Data Serialization and Formats
Operating Systems and Shell Programming,Operating System Concepts
Operating Systems and Shell Programming,Shell and Command-Line
Artificial Intelligence and Machine Learning,Search Algorithms
Artificial Intelligence and Machine Learning,Heuristics and Optimization
Artificial Intelligence and Machine Learning,Basic AI Concepts
Miscellaneous Topics,Time and Date Manipulation
Miscellaneous Topics,Language-Specific Features
Miscellaneous Topics,Esoteric Programming
Miscellaneous Topics,Utilities and Miscellaneous
