index,domain_label,label,code,Source
4c5k,python,Sorting Algorithm (Bubble Sort),"numbers = [64, 34, 25, 12, 22, 11, 90]
length = len(numbers)

for i in range(length):
    swapped = False
    for j in range(0, length-i-1):
        if numbers[j] > numbers[j+1]:
            numbers[j], numbers[j+1] = numbers[j+1], numbers[j]
            swapped = True
    if not swapped:
        break

print(numbers)",GPT
5d6l,python,Sorting Algorithm (Insertion Sort),"numbers = [64, 34, 25, 12, 22, 11, 90]
length = len(numbers)

for i in range(1, length):
    key = numbers[i]
    j = i - 1
    while j >= 0 and key < numbers[j]:
        numbers[j + 1] = numbers[j]
        j -= 1
    numbers[j + 1] = key

print(numbers)",GPT
